mutant1, 9009, 0, 0, 1, 0, 0 
mutant2, 201, 1, 0, 0, 0, 0 
mutant3, 201, 1, 0, 0, 0, 0 
mutant4, 201, 1, 0, 0, 0, 0 
mutant5, 201, 1, 0, 0, 0, 0 
mutant6, 9009, 0, 0, 1, 0, 0 
mutant7, 9009, 0, 0, 1, 0, 0 
mutant8, 201, 1, 0, 0, 0, 0 
mutant9, 201, 1, 0, 0, 0, 0 
mutant10, 9009, 0, 0, 1, 0, 0 
mutant11, 201, 1, 0, 0, 0, 0 
mutant12, 9009, 0, 0, 1, 0, 0 
mutant13, 201, 1, 0, 0, 0, 0 
mutant14, 201, 1, 0, 0, 0, 0 
mutant15, 201, 1, 0, 0, 0, 0 
mutant16, 1, 0, 0, 0, 1, 0 
mutant17, 201, 1, 0, 0, 0, 0 
mutant18, 201, 1, 0, 0, 0, 0 
mutant19, 201, 1, 0, 0, 0, 0 
mutant20, 201, 1, 0, 0, 0, 0 
mutant21, 201, 1, 0, 0, 0, 0 
mutant22, 9009, 0, 0, 1, 0, 0 
mutant23, 201, 1, 0, 0, 0, 0 
mutant24, 201, 1, 0, 0, 0, 0 
mutant25, 9009, 0, 0, 1, 0, 0 
mutant26, 9009, 0, 0, 1, 0, 0 
mutant27, 9009, 0, 0, 1, 0, 0 
mutant28, 9009, 0, 0, 1, 0, 0 
mutant29, 201, 1, 0, 0, 0, 0 
mutant30, 9009, 0, 0, 1, 0, 0 
mutant31, 201, 1, 0, 0, 0, 0 
mutant32, 9009, 0, 0, 1, 0, 0 
mutant33, 201, 1, 0, 0, 0, 0 
mutant34, 9009, 0, 0, 1, 0, 0 
mutant35, 201, 1, 0, 0, 0, 0 
mutant36, 201, 1, 0, 0, 0, 0 
mutant37, 201, 1, 0, 0, 0, 0 
mutant38, 201, 1, 0, 0, 0, 0 
mutant39, 201, 1, 0, 0, 0, 0 
mutant40, 201, 1, 0, 0, 0, 0 
mutant41, 201, 1, 0, 0, 0, 0 
mutant42, 201, 1, 0, 0, 0, 0 
mutant43, 9009, 0, 0, 1, 0, 0 
mutant44, 9009, 0, 0, 1, 0, 0 
mutant45, 9009, 0, 0, 1, 0, 0 
mutant46, 201, 1, 0, 0, 0, 0 
mutant47, 9009, 0, 0, 1, 0, 0 
mutant48, 9009, 0, 0, 1, 0, 0 
mutant49, 9009, 0, 0, 1, 0, 0 
mutant50, 9009, 0, 0, 1, 0, 0 
mutant51, 201, 1, 0, 0, 0, 0 
mutant52, 9009, 0, 0, 1, 0, 0 
mutant53, 9009, 0, 0, 1, 0, 0 
mutant54, 201, 1, 0, 0, 0, 0 
mutant55, 201, 1, 0, 0, 0, 0 
mutant56, 201, 1, 0, 0, 0, 0 
mutant57, 201, 1, 0, 0, 0, 0 
mutant58, 201, 1, 0, 0, 0, 0 
mutant59, 9009, 0, 0, 1, 0, 0 
mutant60, 201, 1, 0, 0, 0, 0 
mutant61, 9009, 0, 0, 1, 0, 0 
mutant62, 9009, 0, 0, 1, 0, 0 
mutant63, 201, 1, 0, 0, 0, 0 
mutant64, 9009, 0, 0, 1, 0, 0 
mutant65, 9009, 0, 0, 1, 0, 0 
mutant66, 9009, 0, 0, 1, 0, 0 
mutant67, 9009, 0, 0, 1, 0, 0 
mutant68, 201, 1, 0, 0, 0, 0 
mutant69, 201, 1, 0, 0, 0, 0 
mutant70, 201, 1, 0, 0, 0, 0 
mutant71, 9009, 0, 0, 1, 0, 0 
mutant72, 201, 1, 0, 0, 0, 0 
mutant73, 201, 1, 0, 0, 0, 0 
mutant74, 9009, 0, 0, 1, 0, 0 
mutant75, 9009, 0, 0, 1, 0, 0 
mutant76, 201, 1, 0, 0, 0, 0 
mutant77, 9009, 0, 0, 1, 0, 0 
mutant78, 9009, 0, 0, 1, 0, 0 
mutant79, 9009, 0, 0, 1, 0, 0 
mutant80, 9009, 0, 0, 1, 0, 0 
mutant81, 201, 1, 0, 0, 0, 0 
mutant82, 9009, 0, 0, 1, 0, 0 
mutant83, 201, 1, 0, 0, 0, 0 
mutant84, 201, 1, 0, 0, 0, 0 
mutant85, 9009, 0, 0, 1, 0, 0 
mutant86, 9009, 0, 0, 1, 0, 0 
mutant87, 201, 1, 0, 0, 0, 0 
mutant88, 201, 1, 0, 0, 0, 0 
mutant89, 201, 1, 0, 0, 0, 0 
mutant90, 201, 1, 0, 0, 0, 0 
mutant91, 201, 1, 0, 0, 0, 0 
mutant92, 9009, 0, 0, 1, 0, 0 
mutant93, 9009, 0, 0, 1, 0, 0 
mutant94, 9009, 0, 0, 1, 0, 0 
mutant95, 201, 1, 0, 0, 0, 0 
mutant96, 9009, 0, 0, 1, 0, 0 
mutant97, 1, 0, 0, 0, 1, 0 
mutant98, 201, 1, 0, 0, 0, 0 
mutant99, 201, 1, 0, 0, 0, 0 
mutant100, 9009, 0, 0, 1, 0, 0 
mutant101, 201, 1, 0, 0, 0, 0 
mutant102, 201, 1, 0, 0, 0, 0 
mutant103, 201, 1, 0, 0, 0, 0 
mutant104, 201, 1, 0, 0, 0, 0 
mutant105, 9009, 0, 0, 1, 0, 0 
mutant106, 9009, 0, 0, 1, 0, 0 
mutant107, 201, 1, 0, 0, 0, 0 
mutant108, 201, 1, 0, 0, 0, 0 
mutant109, 201, 1, 0, 0, 0, 0 
mutant110, 201, 1, 0, 0, 0, 0 
mutant111, 9009, 0, 0, 1, 0, 0 
mutant112, 201, 1, 0, 0, 0, 0 
mutant113, 9009, 0, 0, 1, 0, 0 
mutant114, 201, 1, 0, 0, 0, 0 
mutant115, 9009, 0, 0, 1, 0, 0 
mutant116, 201, 1, 0, 0, 0, 0 
mutant117, 9009, 0, 0, 1, 0, 0 
mutant118, 201, 1, 0, 0, 0, 0 
mutant119, 201, 1, 0, 0, 0, 0 
mutant120, 201, 1, 0, 0, 0, 0 
mutant121, 201, 1, 0, 0, 0, 0 
mutant122, 201, 1, 0, 0, 0, 0 
mutant123, 9009, 0, 0, 1, 0, 0 
mutant124, 201, 1, 0, 0, 0, 0 
mutant125, 201, 1, 0, 0, 0, 0 
mutant126, 201, 1, 0, 0, 0, 0 
mutant127, 201, 1, 0, 0, 0, 0 
mutant128, 9009, 0, 0, 1, 0, 0 
mutant129, 201, 1, 0, 0, 0, 0 
mutant130, 9009, 0, 0, 1, 0, 0 
mutant131, 9009, 0, 0, 1, 0, 0 
mutant132, 201, 1, 0, 0, 0, 0 
mutant133, 201, 1, 0, 0, 0, 0 
mutant134, 201, 1, 0, 0, 0, 0 
mutant135, 9009, 0, 0, 1, 0, 0 
mutant136, 201, 1, 0, 0, 0, 0 
mutant137, 9009, 0, 0, 1, 0, 0 
mutant138, 201, 1, 0, 0, 0, 0 
mutant139, 201, 1, 0, 0, 0, 0 
mutant140, 201, 1, 0, 0, 0, 0 
mutant141, 201, 1, 0, 0, 0, 0 
mutant142, 201, 1, 0, 0, 0, 0 
mutant143, 9009, 0, 0, 1, 0, 0 
mutant144, 201, 1, 0, 0, 0, 0 
mutant145, 201, 1, 0, 0, 0, 0 
mutant146, 9009, 0, 0, 1, 0, 0 
mutant147, 9009, 0, 0, 1, 0, 0 
mutant148, 201, 1, 0, 0, 0, 0 
mutant149, 9009, 0, 0, 1, 0, 0 
mutant150, 201, 1, 0, 0, 0, 0 
mutant151, 9009, 0, 0, 1, 0, 0 
mutant152, 9009, 0, 0, 1, 0, 0 
mutant153, 201, 1, 0, 0, 0, 0 
mutant154, 9009, 0, 0, 1, 0, 0 
mutant155, 201, 1, 0, 0, 0, 0 
mutant156, 201, 1, 0, 0, 0, 0 
mutant157, 201, 1, 0, 0, 0, 0 
mutant158, 9009, 0, 0, 1, 0, 0 
mutant159, 9009, 0, 0, 1, 0, 0 
mutant160, 201, 1, 0, 0, 0, 0 
mutant161, 201, 1, 0, 0, 0, 0 
mutant162, 9009, 0, 0, 1, 0, 0 
mutant163, 9009, 0, 0, 1, 0, 0 
mutant164, 9009, 0, 0, 1, 0, 0 
mutant165, 201, 1, 0, 0, 0, 0 
mutant166, 201, 1, 0, 0, 0, 0 
mutant167, 9009, 0, 0, 1, 0, 0 
mutant168, 9009, 0, 0, 1, 0, 0 
mutant169, 9009, 0, 0, 1, 0, 0 
mutant170, 9009, 0, 0, 1, 0, 0 
mutant171, 201, 1, 0, 0, 0, 0 
mutant172, 9009, 0, 0, 1, 0, 0 
mutant173, 9009, 0, 0, 1, 0, 0 
mutant174, 9009, 0, 0, 1, 0, 0 
mutant175, 1, 0, 0, 0, 1, 0 
mutant176, 201, 1, 0, 0, 0, 0 
mutant177, 9009, 0, 0, 1, 0, 0 
mutant178, 201, 1, 0, 0, 0, 0 
mutant179, 201, 1, 0, 0, 0, 0 
mutant180, 9009, 0, 0, 1, 0, 0 
mutant181, 201, 1, 0, 0, 0, 0 
mutant182, 201, 1, 0, 0, 0, 0 
mutant183, 201, 1, 0, 0, 0, 0 
mutant184, 201, 1, 0, 0, 0, 0 
mutant185, 201, 1, 0, 0, 0, 0 
mutant186, 9009, 0, 0, 1, 0, 0 
mutant187, 201, 1, 0, 0, 0, 0 
mutant188, 9009, 0, 0, 1, 0, 0 
mutant189, 9009, 0, 0, 1, 0, 0 
mutant190, 201, 1, 0, 0, 0, 0 
mutant191, 9009, 0, 0, 1, 0, 0 
mutant192, 201, 1, 0, 0, 0, 0 
mutant193, 9009, 0, 0, 1, 0, 0 
mutant194, 9009, 0, 0, 1, 0, 0 
mutant195, 201, 1, 0, 0, 0, 0 
mutant196, 1, 0, 0, 0, 1, 0 
mutant197, 201, 1, 0, 0, 0, 0 
mutant198, 201, 1, 0, 0, 0, 0 
mutant199, 9009, 0, 0, 1, 0, 0 
mutant200, 201, 1, 0, 0, 0, 0 
mutant201, 9009, 0, 0, 1, 0, 0 
mutant202, 9009, 0, 0, 1, 0, 0 
mutant203, 9009, 0, 0, 1, 0, 0 
mutant204, 9009, 0, 0, 1, 0, 0 
mutant205, 201, 1, 0, 0, 0, 0 
mutant206, 9009, 0, 0, 1, 0, 0 
mutant207, 201, 1, 0, 0, 0, 0 
mutant208, 9009, 0, 0, 1, 0, 0 
mutant209, 9009, 0, 0, 1, 0, 0 
mutant210, 9009, 0, 0, 1, 0, 0 
mutant211, 9009, 0, 0, 1, 0, 0 
mutant212, 201, 1, 0, 0, 0, 0 
mutant213, 9009, 0, 0, 1, 0, 0 
mutant214, 201, 1, 0, 0, 0, 0 
mutant215, 201, 1, 0, 0, 0, 0 
mutant216, 9009, 0, 0, 1, 0, 0 
mutant217, 201, 1, 0, 0, 0, 0 
mutant218, 201, 1, 0, 0, 0, 0 
mutant219, 9009, 0, 0, 1, 0, 0 
mutant220, 9009, 0, 0, 1, 0, 0 
mutant221, 9009, 0, 0, 1, 0, 0 
mutant222, 9009, 0, 0, 1, 0, 0 
mutant223, 9009, 0, 0, 1, 0, 0 
mutant224, 201, 1, 0, 0, 0, 0 
mutant225, 9009, 0, 0, 1, 0, 0 
mutant226, 9009, 0, 0, 1, 0, 0 
mutant227, 9009, 0, 0, 1, 0, 0 
mutant228, 201, 1, 0, 0, 0, 0 
mutant229, 201, 1, 0, 0, 0, 0 
mutant230, 201, 1, 0, 0, 0, 0 
mutant231, 9009, 0, 0, 1, 0, 0 
mutant232, 201, 1, 0, 0, 0, 0 
mutant233, 201, 1, 0, 0, 0, 0 
mutant234, 9009, 0, 0, 1, 0, 0 
mutant235, 201, 1, 0, 0, 0, 0 
mutant236, 201, 1, 0, 0, 0, 0 
mutant237, 9009, 0, 0, 1, 0, 0 
mutant238, 9009, 0, 0, 1, 0, 0 
mutant239, 201, 1, 0, 0, 0, 0 
mutant240, 201, 1, 0, 0, 0, 0 
mutant241, 9009, 0, 0, 1, 0, 0 
mutant242, 9009, 0, 0, 1, 0, 0 
mutant243, 201, 1, 0, 0, 0, 0 
mutant244, 201, 1, 0, 0, 0, 0 
mutant245, 201, 1, 0, 0, 0, 0 
mutant246, 201, 1, 0, 0, 0, 0 
mutant247, 9009, 0, 0, 1, 0, 0 
mutant248, 9009, 0, 0, 1, 0, 0 
mutant249, 201, 1, 0, 0, 0, 0 
mutant250, 201, 1, 0, 0, 0, 0 
mutant251, 201, 1, 0, 0, 0, 0 
mutant252, 201, 1, 0, 0, 0, 0 
mutant253, 9009, 0, 0, 1, 0, 0 
mutant254, 9009, 0, 0, 1, 0, 0 
mutant255, 9009, 0, 0, 1, 0, 0 
mutant256, 201, 1, 0, 0, 0, 0 
mutant257, 9009, 0, 0, 1, 0, 0 
mutant258, 9009, 0, 0, 1, 0, 0 
mutant259, 201, 1, 0, 0, 0, 0 
mutant260, 9009, 0, 0, 1, 0, 0 
mutant261, 201, 1, 0, 0, 0, 0 
mutant262, 201, 1, 0, 0, 0, 0 
mutant263, 9009, 0, 0, 1, 0, 0 
mutant264, 9009, 0, 0, 1, 0, 0 
mutant265, 201, 1, 0, 0, 0, 0 
mutant266, 9009, 0, 0, 1, 0, 0 
mutant267, 201, 1, 0, 0, 0, 0 
mutant268, 9009, 0, 0, 1, 0, 0 
mutant269, 9009, 0, 0, 1, 0, 0 
mutant270, 9009, 0, 0, 1, 0, 0 
mutant271, 1, 0, 0, 0, 1, 0 
mutant272, 9009, 0, 0, 1, 0, 0 
mutant273, 9009, 0, 0, 1, 0, 0 
mutant274, 1, 0, 0, 0, 1, 0 
mutant275, 201, 1, 0, 0, 0, 0 
mutant276, 9009, 0, 0, 1, 0, 0 
mutant277, 9009, 0, 0, 1, 0, 0 
mutant278, 9009, 0, 0, 1, 0, 0 
mutant279, 9009, 0, 0, 1, 0, 0 
mutant280, 9009, 0, 0, 1, 0, 0 
mutant281, 201, 1, 0, 0, 0, 0 
mutant282, 9009, 0, 0, 1, 0, 0 
mutant283, 201, 1, 0, 0, 0, 0 
mutant284, 9009, 0, 0, 1, 0, 0 
mutant285, 201, 1, 0, 0, 0, 0 
mutant286, 9009, 0, 0, 1, 0, 0 
mutant287, 201, 1, 0, 0, 0, 0 
mutant288, 201, 1, 0, 0, 0, 0 
mutant289, 9009, 0, 0, 1, 0, 0 
mutant290, 9009, 0, 0, 1, 0, 0 
mutant291, 9009, 0, 0, 1, 0, 0 
mutant292, 9009, 0, 0, 1, 0, 0 
mutant293, 201, 1, 0, 0, 0, 0 
mutant294, 9009, 0, 0, 1, 0, 0 
mutant295, 201, 1, 0, 0, 0, 0 
mutant296, 9009, 0, 0, 1, 0, 0 
mutant297, 201, 1, 0, 0, 0, 0 
mutant298, 201, 1, 0, 0, 0, 0 
mutant299, 9009, 0, 0, 1, 0, 0 
mutant300, 9009, 0, 0, 1, 0, 0 
mutant301, 201, 1, 0, 0, 0, 0 
mutant302, 9009, 0, 0, 1, 0, 0 
mutant303, 201, 1, 0, 0, 0, 0 
mutant304, 9009, 0, 0, 1, 0, 0 
mutant305, 201, 1, 0, 0, 0, 0 
mutant306, 9009, 0, 0, 1, 0, 0 
mutant307, 201, 1, 0, 0, 0, 0 
mutant308, 9009, 0, 0, 1, 0, 0 
mutant309, 9009, 0, 0, 1, 0, 0 
mutant310, 9009, 0, 0, 1, 0, 0 
mutant311, 201, 1, 0, 0, 0, 0 
mutant312, 201, 1, 0, 0, 0, 0 
mutant313, 9009, 0, 0, 1, 0, 0 
mutant314, 9009, 0, 0, 1, 0, 0 
mutant315, 201, 1, 0, 0, 0, 0 
mutant316, 9009, 0, 0, 1, 0, 0 
mutant317, 9009, 0, 0, 1, 0, 0 
mutant318, 201, 1, 0, 0, 0, 0 
mutant319, 201, 1, 0, 0, 0, 0 
mutant320, 9009, 0, 0, 1, 0, 0 
mutant321, 201, 1, 0, 0, 0, 0 
mutant322, 9009, 0, 0, 1, 0, 0 
mutant323, 201, 1, 0, 0, 0, 0 
mutant324, 9009, 0, 0, 1, 0, 0 
mutant325, 1, 0, 0, 0, 1, 0 
mutant326, 9009, 0, 0, 1, 0, 0 
mutant327, 201, 1, 0, 0, 0, 0 
mutant328, 201, 1, 0, 0, 0, 0 
mutant329, 9009, 0, 0, 1, 0, 0 
mutant330, 9009, 0, 0, 1, 0, 0 
mutant331, 201, 1, 0, 0, 0, 0 
mutant332, 201, 1, 0, 0, 0, 0 
mutant333, 201, 1, 0, 0, 0, 0 
mutant334, 9009, 0, 0, 1, 0, 0 
mutant335, 9009, 0, 0, 1, 0, 0 
mutant336, 201, 1, 0, 0, 0, 0 
mutant337, 201, 1, 0, 0, 0, 0 
mutant338, 201, 1, 0, 0, 0, 0 
mutant339, 201, 1, 0, 0, 0, 0 
mutant340, 9009, 0, 0, 1, 0, 0 
mutant341, 201, 1, 0, 0, 0, 0 
mutant342, 9009, 0, 0, 1, 0, 0 
mutant343, 9009, 0, 0, 1, 0, 0 
mutant344, 9009, 0, 0, 1, 0, 0 
mutant345, 201, 1, 0, 0, 0, 0 
mutant346, 9009, 0, 0, 1, 0, 0 
mutant347, 201, 1, 0, 0, 0, 0 
mutant348, 201, 1, 0, 0, 0, 0 
mutant349, 201, 1, 0, 0, 0, 0 
mutant350, 201, 1, 0, 0, 0, 0 
mutant351, 201, 1, 0, 0, 0, 0 
mutant352, 9009, 0, 0, 1, 0, 0 
mutant353, 9009, 0, 0, 1, 0, 0 
mutant354, 9009, 0, 0, 1, 0, 0 
mutant355, 9009, 0, 0, 1, 0, 0 
mutant356, 1, 0, 0, 0, 1, 0 
mutant357, 201, 1, 0, 0, 0, 0 
mutant358, 201, 1, 0, 0, 0, 0 
mutant359, 201, 1, 0, 0, 0, 0 
mutant360, 201, 1, 0, 0, 0, 0 
mutant361, 1, 0, 0, 0, 1, 0 
mutant362, 201, 1, 0, 0, 0, 0 
mutant363, 201, 1, 0, 0, 0, 0 
mutant364, 9009, 0, 0, 1, 0, 0 
mutant365, 9009, 0, 0, 1, 0, 0 
mutant366, 9009, 0, 0, 1, 0, 0 
mutant367, 201, 1, 0, 0, 0, 0 
mutant368, 9009, 0, 0, 1, 0, 0 
mutant369, 9009, 0, 0, 1, 0, 0 
mutant370, 201, 1, 0, 0, 0, 0 
mutant371, 9009, 0, 0, 1, 0, 0 
mutant372, 9009, 0, 0, 1, 0, 0 
mutant373, 201, 1, 0, 0, 0, 0 
mutant374, 9009, 0, 0, 1, 0, 0 
mutant375, 201, 1, 0, 0, 0, 0 
mutant376, 201, 1, 0, 0, 0, 0 
mutant377, 201, 1, 0, 0, 0, 0 
mutant378, 201, 1, 0, 0, 0, 0 
mutant379, 201, 1, 0, 0, 0, 0 
mutant380, 201, 1, 0, 0, 0, 0 
mutant381, 201, 1, 0, 0, 0, 0 
mutant382, 201, 1, 0, 0, 0, 0 
mutant383, 9009, 0, 0, 1, 0, 0 
mutant384, 201, 1, 0, 0, 0, 0 
mutant385, 201, 1, 0, 0, 0, 0 
mutant386, 9009, 0, 0, 1, 0, 0 
mutant387, 9009, 0, 0, 1, 0, 0 
mutant388, 201, 1, 0, 0, 0, 0 
mutant389, 9009, 0, 0, 1, 0, 0 
mutant390, 9009, 0, 0, 1, 0, 0 
mutant391, 201, 1, 0, 0, 0, 0 
mutant392, 9009, 0, 0, 1, 0, 0 
mutant393, 201, 1, 0, 0, 0, 0 
mutant394, 1, 0, 0, 0, 1, 0 
mutant395, 9009, 0, 0, 1, 0, 0 
mutant396, 201, 1, 0, 0, 0, 0 
mutant397, 9009, 0, 0, 1, 0, 0 
mutant398, 201, 1, 0, 0, 0, 0 
mutant399, 201, 1, 0, 0, 0, 0 
mutant400, 201, 1, 0, 0, 0, 0 
mutant401, 201, 1, 0, 0, 0, 0 
mutant402, 9009, 0, 0, 1, 0, 0 
mutant403, 201, 1, 0, 0, 0, 0 
mutant404, 9009, 0, 0, 1, 0, 0 
mutant405, 201, 1, 0, 0, 0, 0 
mutant406, 9009, 0, 0, 1, 0, 0 
mutant407, 201, 1, 0, 0, 0, 0 
mutant408, 201, 1, 0, 0, 0, 0 
mutant409, 201, 1, 0, 0, 0, 0 
mutant410, 201, 1, 0, 0, 0, 0 
mutant411, 1, 0, 0, 0, 1, 0 
mutant412, 201, 1, 0, 0, 0, 0 
mutant413, 201, 1, 0, 0, 0, 0 
mutant414, 201, 1, 0, 0, 0, 0 
mutant415, 201, 1, 0, 0, 0, 0 
mutant416, 9009, 0, 0, 1, 0, 0 
mutant417, 9009, 0, 0, 1, 0, 0 
mutant418, 201, 1, 0, 0, 0, 0 
mutant419, 9009, 0, 0, 1, 0, 0 
mutant420, 9009, 0, 0, 1, 0, 0 
mutant421, 201, 1, 0, 0, 0, 0 
mutant422, 201, 1, 0, 0, 0, 0 
mutant423, 201, 1, 0, 0, 0, 0 
mutant424, 9009, 0, 0, 1, 0, 0 
mutant425, 201, 1, 0, 0, 0, 0 
mutant426, 9009, 0, 0, 1, 0, 0 
mutant427, 9009, 0, 0, 1, 0, 0 
mutant428, 201, 1, 0, 0, 0, 0 
mutant429, 201, 1, 0, 0, 0, 0 
mutant430, 201, 1, 0, 0, 0, 0 
mutant431, 201, 1, 0, 0, 0, 0 
mutant432, 201, 1, 0, 0, 0, 0 
mutant433, 201, 1, 0, 0, 0, 0 
mutant434, 201, 1, 0, 0, 0, 0 
mutant435, 201, 1, 0, 0, 0, 0 
mutant436, 9009, 0, 0, 1, 0, 0 
mutant437, 201, 1, 0, 0, 0, 0 
mutant438, 9009, 0, 0, 1, 0, 0 
mutant439, 201, 1, 0, 0, 0, 0 
mutant440, 9009, 0, 0, 1, 0, 0 
mutant441, 201, 1, 0, 0, 0, 0 
mutant442, 9009, 0, 0, 1, 0, 0 
mutant443, 201, 1, 0, 0, 0, 0 
mutant444, 201, 1, 0, 0, 0, 0 
mutant445, 201, 1, 0, 0, 0, 0 
mutant446, 201, 1, 0, 0, 0, 0 
mutant447, 9009, 0, 0, 1, 0, 0 
mutant448, 9009, 0, 0, 1, 0, 0 
mutant449, 201, 1, 0, 0, 0, 0 
mutant450, 9009, 0, 0, 1, 0, 0 
mutant451, 9009, 0, 0, 1, 0, 0 
mutant452, 201, 1, 0, 0, 0, 0 
mutant453, 9009, 0, 0, 1, 0, 0 
mutant454, 201, 1, 0, 0, 0, 0 
mutant455, 201, 1, 0, 0, 0, 0 
mutant456, 201, 1, 0, 0, 0, 0 
mutant457, 201, 1, 0, 0, 0, 0 
mutant458, 201, 1, 0, 0, 0, 0 
mutant459, 201, 1, 0, 0, 0, 0 
mutant460, 201, 1, 0, 0, 0, 0 
mutant461, 9009, 0, 0, 1, 0, 0 
mutant462, 201, 1, 0, 0, 0, 0 
mutant463, 201, 1, 0, 0, 0, 0 
mutant464, 201, 1, 0, 0, 0, 0 
mutant465, 9009, 0, 0, 1, 0, 0 
mutant466, 201, 1, 0, 0, 0, 0 
mutant467, 9009, 0, 0, 1, 0, 0 
mutant468, 9009, 0, 0, 1, 0, 0 
mutant469, 201, 1, 0, 0, 0, 0 
mutant470, 201, 1, 0, 0, 0, 0 
mutant471, 201, 1, 0, 0, 0, 0 
mutant472, 9009, 0, 0, 1, 0, 0 
mutant473, 9009, 0, 0, 1, 0, 0 
mutant474, 9009, 0, 0, 1, 0, 0 
mutant475, 201, 1, 0, 0, 0, 0 
mutant476, 201, 1, 0, 0, 0, 0 
mutant477, 1, 0, 0, 0, 1, 0 
mutant478, 9009, 0, 0, 1, 0, 0 
mutant479, 9009, 0, 0, 1, 0, 0 
mutant480, 9009, 0, 0, 1, 0, 0 
mutant481, 201, 1, 0, 0, 0, 0 
mutant482, 201, 1, 0, 0, 0, 0 
mutant483, 201, 1, 0, 0, 0, 0 
mutant484, 201, 1, 0, 0, 0, 0 
mutant485, 9009, 0, 0, 1, 0, 0 
mutant486, 9009, 0, 0, 1, 0, 0 
mutant487, 9009, 0, 0, 1, 0, 0 
mutant488, 9009, 0, 0, 1, 0, 0 
mutant489, 9009, 0, 0, 1, 0, 0 
mutant490, 9009, 0, 0, 1, 0, 0 
mutant491, 201, 1, 0, 0, 0, 0 
mutant492, 201, 1, 0, 0, 0, 0 
mutant493, 9009, 0, 0, 1, 0, 0 
mutant494, 201, 1, 0, 0, 0, 0 
mutant495, 201, 1, 0, 0, 0, 0 
mutant496, 201, 1, 0, 0, 0, 0 
mutant497, 201, 1, 0, 0, 0, 0 
mutant498, 201, 1, 0, 0, 0, 0 
mutant499, 201, 1, 0, 0, 0, 0 
mutant500, 9009, 0, 0, 1, 0, 0 
mutant501, 201, 1, 0, 0, 0, 0 
mutant502, 201, 1, 0, 0, 0, 0 
mutant503, 9009, 0, 0, 1, 0, 0 
mutant504, 201, 1, 0, 0, 0, 0 
mutant505, 201, 1, 0, 0, 0, 0 
mutant506, 201, 1, 0, 0, 0, 0 
mutant507, 9009, 0, 0, 1, 0, 0 
mutant508, 1, 0, 0, 0, 1, 0 
mutant509, 1, 0, 0, 0, 1, 0 
mutant510, 9009, 0, 0, 1, 0, 0 
mutant511, 9009, 0, 0, 1, 0, 0 
mutant512, 201, 1, 0, 0, 0, 0 
mutant513, 201, 1, 0, 0, 0, 0 
mutant514, 9009, 0, 0, 1, 0, 0 
mutant515, 201, 1, 0, 0, 0, 0 
mutant516, 201, 1, 0, 0, 0, 0 
mutant517, 201, 1, 0, 0, 0, 0 
mutant518, 201, 1, 0, 0, 0, 0 
mutant519, 201, 1, 0, 0, 0, 0 
mutant520, 201, 1, 0, 0, 0, 0 
mutant521, 9009, 0, 0, 1, 0, 0 
mutant522, 9009, 0, 0, 1, 0, 0 
mutant523, 9009, 0, 0, 1, 0, 0 
mutant524, 201, 1, 0, 0, 0, 0 
mutant525, 201, 1, 0, 0, 0, 0 
mutant526, 201, 1, 0, 0, 0, 0 
mutant527, 201, 1, 0, 0, 0, 0 
mutant528, 9009, 0, 0, 1, 0, 0 
mutant529, 9009, 0, 0, 1, 0, 0 
mutant530, 9009, 0, 0, 1, 0, 0 
mutant531, 9009, 0, 0, 1, 0, 0 
mutant532, 9009, 0, 0, 1, 0, 0 
mutant533, 9009, 0, 0, 1, 0, 0 
mutant534, 201, 1, 0, 0, 0, 0 
mutant535, 9009, 0, 0, 1, 0, 0 
mutant536, 9009, 0, 0, 1, 0, 0 
mutant537, 201, 1, 0, 0, 0, 0 
mutant538, 9009, 0, 0, 1, 0, 0 
mutant539, 9009, 0, 0, 1, 0, 0 
mutant540, 9009, 0, 0, 1, 0, 0 
mutant541, 201, 1, 0, 0, 0, 0 
mutant542, 201, 1, 0, 0, 0, 0 
mutant543, 201, 1, 0, 0, 0, 0 
mutant544, 9009, 0, 0, 1, 0, 0 
mutant545, 201, 1, 0, 0, 0, 0 
mutant546, 201, 1, 0, 0, 0, 0 
mutant547, 201, 1, 0, 0, 0, 0 
mutant548, 9009, 0, 0, 1, 0, 0 
mutant549, 201, 1, 0, 0, 0, 0 
mutant550, 201, 1, 0, 0, 0, 0 
mutant551, 201, 1, 0, 0, 0, 0 
mutant552, 201, 1, 0, 0, 0, 0 
mutant553, 201, 1, 0, 0, 0, 0 
mutant554, 9009, 0, 0, 1, 0, 0 
mutant555, 201, 1, 0, 0, 0, 0 
mutant556, 201, 1, 0, 0, 0, 0 
mutant557, 201, 1, 0, 0, 0, 0 
mutant558, 201, 1, 0, 0, 0, 0 
mutant559, 201, 1, 0, 0, 0, 0 
mutant560, 201, 1, 0, 0, 0, 0 
mutant561, 201, 1, 0, 0, 0, 0 
mutant562, 201, 1, 0, 0, 0, 0 
mutant563, 201, 1, 0, 0, 0, 0 
mutant564, 201, 1, 0, 0, 0, 0 
mutant565, 201, 1, 0, 0, 0, 0 
mutant566, 201, 1, 0, 0, 0, 0 
mutant567, 201, 1, 0, 0, 0, 0 
mutant568, 9009, 0, 0, 1, 0, 0 
mutant569, 201, 1, 0, 0, 0, 0 
mutant570, 9009, 0, 0, 1, 0, 0 
mutant571, 201, 1, 0, 0, 0, 0 
mutant572, 9009, 0, 0, 1, 0, 0 
mutant573, 201, 1, 0, 0, 0, 0 
mutant574, 201, 1, 0, 0, 0, 0 
mutant575, 201, 1, 0, 0, 0, 0 
mutant576, 201, 1, 0, 0, 0, 0 
mutant577, 9009, 0, 0, 1, 0, 0 
mutant578, 9009, 0, 0, 1, 0, 0 
mutant579, 201, 1, 0, 0, 0, 0 
mutant580, 201, 1, 0, 0, 0, 0 
mutant581, 9009, 0, 0, 1, 0, 0 
mutant582, 201, 1, 0, 0, 0, 0 
mutant583, 9009, 0, 0, 1, 0, 0 
mutant584, 201, 1, 0, 0, 0, 0 
mutant585, 201, 1, 0, 0, 0, 0 
mutant586, 9009, 0, 0, 1, 0, 0 
mutant587, 201, 1, 0, 0, 0, 0 
mutant588, 9009, 0, 0, 1, 0, 0 
mutant589, 201, 1, 0, 0, 0, 0 
mutant590, 201, 1, 0, 0, 0, 0 
mutant591, 9009, 0, 0, 1, 0, 0 
mutant592, 201, 1, 0, 0, 0, 0 
mutant593, 9009, 0, 0, 1, 0, 0 
mutant594, 201, 1, 0, 0, 0, 0 
mutant595, 201, 1, 0, 0, 0, 0 
mutant596, 9009, 0, 0, 1, 0, 0 
mutant597, 201, 1, 0, 0, 0, 0 
mutant598, 201, 1, 0, 0, 0, 0 
mutant599, 9009, 0, 0, 1, 0, 0 
mutant600, 201, 1, 0, 0, 0, 0 
mutant601, 201, 1, 0, 0, 0, 0 
mutant602, 9009, 0, 0, 1, 0, 0 
mutant603, 9009, 0, 0, 1, 0, 0 
mutant604, 9009, 0, 0, 1, 0, 0 
mutant605, 201, 1, 0, 0, 0, 0 
mutant606, 201, 1, 0, 0, 0, 0 
mutant607, 201, 1, 0, 0, 0, 0 
mutant608, 9009, 0, 0, 1, 0, 0 
mutant609, 201, 1, 0, 0, 0, 0 
mutant610, 201, 1, 0, 0, 0, 0 
mutant611, 201, 1, 0, 0, 0, 0 
mutant612, 201, 1, 0, 0, 0, 0 
mutant613, 201, 1, 0, 0, 0, 0 
mutant614, 9009, 0, 0, 1, 0, 0 
mutant615, 9009, 0, 0, 1, 0, 0 
mutant616, 201, 1, 0, 0, 0, 0 
mutant617, 201, 1, 0, 0, 0, 0 
mutant618, 201, 1, 0, 0, 0, 0 
mutant619, 1, 0, 0, 0, 1, 0 
mutant620, 9009, 0, 0, 1, 0, 0 
mutant621, 201, 1, 0, 0, 0, 0 
mutant622, 9009, 0, 0, 1, 0, 0 
mutant623, 9009, 0, 0, 1, 0, 0 
mutant624, 9009, 0, 0, 1, 0, 0 
mutant625, 9009, 0, 0, 1, 0, 0 
mutant626, 9009, 0, 0, 1, 0, 0 
mutant627, 201, 1, 0, 0, 0, 0 
mutant628, 9009, 0, 0, 1, 0, 0 
mutant629, 201, 1, 0, 0, 0, 0 
mutant630, 201, 1, 0, 0, 0, 0 
mutant631, 9009, 0, 0, 1, 0, 0 
mutant632, 9009, 0, 0, 1, 0, 0 
mutant633, 201, 1, 0, 0, 0, 0 
mutant634, 9009, 0, 0, 1, 0, 0 
mutant635, 201, 1, 0, 0, 0, 0 
mutant636, 9009, 0, 0, 1, 0, 0 
mutant637, 1, 0, 0, 0, 1, 0 
mutant638, 201, 1, 0, 0, 0, 0 
mutant639, 201, 1, 0, 0, 0, 0 
mutant640, 201, 1, 0, 0, 0, 0 
mutant641, 9009, 0, 0, 1, 0, 0 
mutant642, 9009, 0, 0, 1, 0, 0 
mutant643, 9009, 0, 0, 1, 0, 0 
mutant644, 201, 1, 0, 0, 0, 0 
mutant645, 9009, 0, 0, 1, 0, 0 
mutant646, 201, 1, 0, 0, 0, 0 
mutant647, 201, 1, 0, 0, 0, 0 
mutant648, 201, 1, 0, 0, 0, 0 
mutant649, 201, 1, 0, 0, 0, 0 
mutant650, 201, 1, 0, 0, 0, 0 
mutant651, 201, 1, 0, 0, 0, 0 
mutant652, 9009, 0, 0, 1, 0, 0 
mutant653, 201, 1, 0, 0, 0, 0 
mutant654, 9009, 0, 0, 1, 0, 0 
mutant655, 201, 1, 0, 0, 0, 0 
mutant656, 9009, 0, 0, 1, 0, 0 
mutant657, 9009, 0, 0, 1, 0, 0 
mutant658, 201, 1, 0, 0, 0, 0 
mutant659, 201, 1, 0, 0, 0, 0 
mutant660, 201, 1, 0, 0, 0, 0 
mutant661, 201, 1, 0, 0, 0, 0 
mutant662, 201, 1, 0, 0, 0, 0 
mutant663, 9009, 0, 0, 1, 0, 0 
mutant664, 201, 1, 0, 0, 0, 0 
mutant665, 201, 1, 0, 0, 0, 0 
mutant666, 201, 1, 0, 0, 0, 0 
mutant667, 201, 1, 0, 0, 0, 0 
mutant668, 201, 1, 0, 0, 0, 0 
mutant669, 9009, 0, 0, 1, 0, 0 
mutant670, 9009, 0, 0, 1, 0, 0 
mutant671, 1, 0, 0, 0, 1, 0 
mutant672, 201, 1, 0, 0, 0, 0 
mutant673, 201, 1, 0, 0, 0, 0 
mutant674, 9009, 0, 0, 1, 0, 0 
mutant675, 201, 1, 0, 0, 0, 0 
mutant676, 201, 1, 0, 0, 0, 0 
mutant677, 201, 1, 0, 0, 0, 0 
mutant678, 201, 1, 0, 0, 0, 0 
mutant679, 9009, 0, 0, 1, 0, 0 
mutant680, 9009, 0, 0, 1, 0, 0 
mutant681, 9009, 0, 0, 1, 0, 0 
mutant682, 9009, 0, 0, 1, 0, 0 
mutant683, 9009, 0, 0, 1, 0, 0 
mutant684, 201, 1, 0, 0, 0, 0 
mutant685, 201, 1, 0, 0, 0, 0 
mutant686, 201, 1, 0, 0, 0, 0 
mutant687, 9009, 0, 0, 1, 0, 0 
mutant688, 201, 1, 0, 0, 0, 0 
mutant689, 9009, 0, 0, 1, 0, 0 
mutant690, 201, 1, 0, 0, 0, 0 
mutant691, 9009, 0, 0, 1, 0, 0 
mutant692, 9009, 0, 0, 1, 0, 0 
mutant693, 9009, 0, 0, 1, 0, 0 
mutant694, 201, 1, 0, 0, 0, 0 
mutant695, 201, 1, 0, 0, 0, 0 
mutant696, 9009, 0, 0, 1, 0, 0 
mutant697, 9009, 0, 0, 1, 0, 0 
mutant698, 9009, 0, 0, 1, 0, 0 
mutant699, 201, 1, 0, 0, 0, 0 
mutant700, 9009, 0, 0, 1, 0, 0 
mutant701, 201, 1, 0, 0, 0, 0 
mutant702, 9009, 0, 0, 1, 0, 0 
mutant703, 201, 1, 0, 0, 0, 0 
mutant704, 9009, 0, 0, 1, 0, 0 
mutant705, 201, 1, 0, 0, 0, 0 
mutant706, 201, 1, 0, 0, 0, 0 
mutant707, 9009, 0, 0, 1, 0, 0 
mutant708, 9009, 0, 0, 1, 0, 0 
mutant709, 9009, 0, 0, 1, 0, 0 
mutant710, 201, 1, 0, 0, 0, 0 
mutant711, 201, 1, 0, 0, 0, 0 
mutant712, 201, 1, 0, 0, 0, 0 
mutant713, 201, 1, 0, 0, 0, 0 
mutant714, 9009, 0, 0, 1, 0, 0 
mutant715, 201, 1, 0, 0, 0, 0 
mutant716, 201, 1, 0, 0, 0, 0 
mutant717, 9009, 0, 0, 1, 0, 0 
mutant718, 201, 1, 0, 0, 0, 0 
mutant719, 201, 1, 0, 0, 0, 0 
mutant720, 201, 1, 0, 0, 0, 0 
mutant721, 201, 1, 0, 0, 0, 0 
mutant722, 201, 1, 0, 0, 0, 0 
mutant723, 201, 1, 0, 0, 0, 0 
mutant724, 9009, 0, 0, 1, 0, 0 
mutant725, 9009, 0, 0, 1, 0, 0 
mutant726, 201, 1, 0, 0, 0, 0 
mutant727, 201, 1, 0, 0, 0, 0 
mutant728, 201, 1, 0, 0, 0, 0 
mutant729, 201, 1, 0, 0, 0, 0 
mutant730, 201, 1, 0, 0, 0, 0 
mutant731, 201, 1, 0, 0, 0, 0 
mutant732, 9009, 0, 0, 1, 0, 0 
mutant733, 9009, 0, 0, 1, 0, 0 
mutant734, 201, 1, 0, 0, 0, 0 
mutant735, 9009, 0, 0, 1, 0, 0 
mutant736, 201, 1, 0, 0, 0, 0 
mutant737, 201, 1, 0, 0, 0, 0 
mutant738, 201, 1, 0, 0, 0, 0 
mutant739, 201, 1, 0, 0, 0, 0 
mutant740, 9009, 0, 0, 1, 0, 0 
mutant741, 201, 1, 0, 0, 0, 0 
mutant742, 201, 1, 0, 0, 0, 0 
mutant743, 1, 0, 0, 0, 1, 0 
mutant744, 201, 1, 0, 0, 0, 0 
mutant745, 9009, 0, 0, 1, 0, 0 
mutant746, 201, 1, 0, 0, 0, 0 
mutant747, 9009, 0, 0, 1, 0, 0 
mutant748, 201, 1, 0, 0, 0, 0 
mutant749, 9009, 0, 0, 1, 0, 0 
mutant750, 201, 1, 0, 0, 0, 0 
mutant751, 9009, 0, 0, 1, 0, 0 
mutant752, 201, 1, 0, 0, 0, 0 
mutant753, 201, 1, 0, 0, 0, 0 
mutant754, 201, 1, 0, 0, 0, 0 
mutant755, 9009, 0, 0, 1, 0, 0 
mutant756, 1, 0, 0, 0, 1, 0 
mutant757, 201, 1, 0, 0, 0, 0 
mutant758, 1, 0, 0, 0, 1, 0 
mutant759, 201, 1, 0, 0, 0, 0 
mutant760, 201, 1, 0, 0, 0, 0 
mutant761, 201, 1, 0, 0, 0, 0 
mutant762, 9009, 0, 0, 1, 0, 0 
mutant763, 9009, 0, 0, 1, 0, 0 
mutant764, 9009, 0, 0, 1, 0, 0 
mutant765, 9009, 0, 0, 1, 0, 0 
mutant766, 9009, 0, 0, 1, 0, 0 
mutant767, 9009, 0, 0, 1, 0, 0 
mutant768, 9009, 0, 0, 1, 0, 0 
mutant769, 9009, 0, 0, 1, 0, 0 
mutant770, 9009, 0, 0, 1, 0, 0 
mutant771, 201, 1, 0, 0, 0, 0 
mutant772, 9009, 0, 0, 1, 0, 0 
mutant773, 9009, 0, 0, 1, 0, 0 
mutant774, 201, 1, 0, 0, 0, 0 
mutant775, 201, 1, 0, 0, 0, 0 
mutant776, 201, 1, 0, 0, 0, 0 
mutant777, 201, 1, 0, 0, 0, 0 
mutant778, 1, 0, 0, 0, 1, 0 
mutant779, 201, 1, 0, 0, 0, 0 
mutant780, 201, 1, 0, 0, 0, 0 
mutant781, 201, 1, 0, 0, 0, 0 
mutant782, 201, 1, 0, 0, 0, 0 
mutant783, 9009, 0, 0, 1, 0, 0 
mutant784, 9009, 0, 0, 1, 0, 0 
mutant785, 201, 1, 0, 0, 0, 0 
mutant786, 9009, 0, 0, 1, 0, 0 
mutant787, 9009, 0, 0, 1, 0, 0 
mutant788, 9009, 0, 0, 1, 0, 0 
mutant789, 201, 1, 0, 0, 0, 0 
mutant790, 201, 1, 0, 0, 0, 0 
mutant791, 201, 1, 0, 0, 0, 0 
mutant792, 201, 1, 0, 0, 0, 0 
mutant793, 201, 1, 0, 0, 0, 0 
mutant794, 1, 0, 0, 0, 1, 0 
mutant795, 9009, 0, 0, 1, 0, 0 
mutant796, 9009, 0, 0, 1, 0, 0 
mutant797, 201, 1, 0, 0, 0, 0 
mutant798, 9009, 0, 0, 1, 0, 0 
mutant799, 9009, 0, 0, 1, 0, 0 
mutant800, 201, 1, 0, 0, 0, 0 
mutant801, 201, 1, 0, 0, 0, 0 
mutant802, 9009, 0, 0, 1, 0, 0 
mutant803, 9009, 0, 0, 1, 0, 0 
mutant804, 9009, 0, 0, 1, 0, 0 
mutant805, 201, 1, 0, 0, 0, 0 
mutant806, 201, 1, 0, 0, 0, 0 
mutant807, 201, 1, 0, 0, 0, 0 
mutant808, 201, 1, 0, 0, 0, 0 
mutant809, 9009, 0, 0, 1, 0, 0 
mutant810, 201, 1, 0, 0, 0, 0 
mutant811, 201, 1, 0, 0, 0, 0 
mutant812, 201, 1, 0, 0, 0, 0 
mutant813, 201, 1, 0, 0, 0, 0 
mutant814, 201, 1, 0, 0, 0, 0 
mutant815, 201, 1, 0, 0, 0, 0 
mutant816, 201, 1, 0, 0, 0, 0 
mutant817, 201, 1, 0, 0, 0, 0 
mutant818, 9009, 0, 0, 1, 0, 0 
mutant819, 9009, 0, 0, 1, 0, 0 
mutant820, 9009, 0, 0, 1, 0, 0 
mutant821, 9009, 0, 0, 1, 0, 0 
mutant822, 201, 1, 0, 0, 0, 0 
mutant823, 9009, 0, 0, 1, 0, 0 
mutant824, 201, 1, 0, 0, 0, 0 
mutant825, 201, 1, 0, 0, 0, 0 
mutant826, 201, 1, 0, 0, 0, 0 
mutant827, 9009, 0, 0, 1, 0, 0 
mutant828, 201, 1, 0, 0, 0, 0 
mutant829, 201, 1, 0, 0, 0, 0 
mutant830, 9009, 0, 0, 1, 0, 0 
mutant831, 201, 1, 0, 0, 0, 0 
mutant832, 9009, 0, 0, 1, 0, 0 
mutant833, 201, 1, 0, 0, 0, 0 
mutant834, 201, 1, 0, 0, 0, 0 
mutant835, 201, 1, 0, 0, 0, 0 
mutant836, 201, 1, 0, 0, 0, 0 
mutant837, 201, 1, 0, 0, 0, 0 
mutant838, 9009, 0, 0, 1, 0, 0 
mutant839, 201, 1, 0, 0, 0, 0 
mutant840, 9009, 0, 0, 1, 0, 0 
mutant841, 9009, 0, 0, 1, 0, 0 
mutant842, 201, 1, 0, 0, 0, 0 
mutant843, 201, 1, 0, 0, 0, 0 
mutant844, 201, 1, 0, 0, 0, 0 
mutant845, 9009, 0, 0, 1, 0, 0 
mutant846, 9009, 0, 0, 1, 0, 0 
mutant847, 201, 1, 0, 0, 0, 0 
mutant848, 201, 1, 0, 0, 0, 0 
mutant849, 9009, 0, 0, 1, 0, 0 
mutant850, 9009, 0, 0, 1, 0, 0 
mutant851, 9009, 0, 0, 1, 0, 0 
mutant852, 201, 1, 0, 0, 0, 0 
mutant853, 9009, 0, 0, 1, 0, 0 
mutant854, 201, 1, 0, 0, 0, 0 
mutant855, 9009, 0, 0, 1, 0, 0 
mutant856, 201, 1, 0, 0, 0, 0 
mutant857, 201, 1, 0, 0, 0, 0 
mutant858, 9009, 0, 0, 1, 0, 0 
mutant859, 9009, 0, 0, 1, 0, 0 
mutant860, 9009, 0, 0, 1, 0, 0 
mutant861, 201, 1, 0, 0, 0, 0 
mutant862, 201, 1, 0, 0, 0, 0 
mutant863, 201, 1, 0, 0, 0, 0 
mutant864, 201, 1, 0, 0, 0, 0 
mutant865, 9009, 0, 0, 1, 0, 0 
mutant866, 9009, 0, 0, 1, 0, 0 
mutant867, 9009, 0, 0, 1, 0, 0 
mutant868, 9009, 0, 0, 1, 0, 0 
mutant869, 9009, 0, 0, 1, 0, 0 
mutant870, 201, 1, 0, 0, 0, 0 
mutant871, 201, 1, 0, 0, 0, 0 
mutant872, 9009, 0, 0, 1, 0, 0 
mutant873, 9009, 0, 0, 1, 0, 0 
mutant874, 201, 1, 0, 0, 0, 0 
mutant875, 201, 1, 0, 0, 0, 0 
mutant876, 9009, 0, 0, 1, 0, 0 
mutant877, 201, 1, 0, 0, 0, 0 
mutant878, 201, 1, 0, 0, 0, 0 
mutant879, 9009, 0, 0, 1, 0, 0 
mutant880, 9009, 0, 0, 1, 0, 0 
mutant881, 9009, 0, 0, 1, 0, 0 
mutant882, 201, 1, 0, 0, 0, 0 
mutant883, 201, 1, 0, 0, 0, 0 
mutant884, 201, 1, 0, 0, 0, 0 
mutant885, 201, 1, 0, 0, 0, 0 
mutant886, 9009, 0, 0, 1, 0, 0 
mutant887, 201, 1, 0, 0, 0, 0 
mutant888, 201, 1, 0, 0, 0, 0 
mutant889, 201, 1, 0, 0, 0, 0 
mutant890, 201, 1, 0, 0, 0, 0 
mutant891, 9009, 0, 0, 1, 0, 0 
mutant892, 9009, 0, 0, 1, 0, 0 
mutant893, 9009, 0, 0, 1, 0, 0 
mutant894, 9009, 0, 0, 1, 0, 0 
mutant895, 9009, 0, 0, 1, 0, 0 
mutant896, 9009, 0, 0, 1, 0, 0 
mutant897, 201, 1, 0, 0, 0, 0 
mutant898, 201, 1, 0, 0, 0, 0 
mutant899, 9009, 0, 0, 1, 0, 0 
mutant900, 201, 1, 0, 0, 0, 0 
mutant901, 1, 0, 0, 0, 1, 0 
mutant902, 1, 0, 0, 0, 1, 0 
mutant903, 9009, 0, 0, 1, 0, 0 
mutant904, 9009, 0, 0, 1, 0, 0 
mutant905, 201, 1, 0, 0, 0, 0 
mutant906, 9009, 0, 0, 1, 0, 0 
mutant907, 201, 1, 0, 0, 0, 0 
mutant908, 9009, 0, 0, 1, 0, 0 
mutant909, 9009, 0, 0, 1, 0, 0 
mutant910, 201, 1, 0, 0, 0, 0 
mutant911, 201, 1, 0, 0, 0, 0 
mutant912, 9009, 0, 0, 1, 0, 0 
mutant913, 9009, 0, 0, 1, 0, 0 
mutant914, 201, 1, 0, 0, 0, 0 
mutant915, 9009, 0, 0, 1, 0, 0 
mutant916, 9009, 0, 0, 1, 0, 0 
mutant917, 201, 1, 0, 0, 0, 0 
mutant918, 9009, 0, 0, 1, 0, 0 
mutant919, 201, 1, 0, 0, 0, 0 
mutant920, 9009, 0, 0, 1, 0, 0 
mutant921, 201, 1, 0, 0, 0, 0 
mutant922, 201, 1, 0, 0, 0, 0 
mutant923, 201, 1, 0, 0, 0, 0 
mutant924, 9009, 0, 0, 1, 0, 0 
mutant925, 201, 1, 0, 0, 0, 0 
mutant926, 201, 1, 0, 0, 0, 0 
mutant927, 201, 1, 0, 0, 0, 0 
mutant928, 9009, 0, 0, 1, 0, 0 
mutant929, 201, 1, 0, 0, 0, 0 
mutant930, 9009, 0, 0, 1, 0, 0 
mutant931, 9009, 0, 0, 1, 0, 0 
mutant932, 201, 1, 0, 0, 0, 0 
mutant933, 9009, 0, 0, 1, 0, 0 
mutant934, 1, 0, 0, 0, 1, 0 
mutant935, 9009, 0, 0, 1, 0, 0 
mutant936, 201, 1, 0, 0, 0, 0 
mutant937, 201, 1, 0, 0, 0, 0 
mutant938, 201, 1, 0, 0, 0, 0 
mutant939, 201, 1, 0, 0, 0, 0 
mutant940, 201, 1, 0, 0, 0, 0 
mutant941, 201, 1, 0, 0, 0, 0 
mutant942, 201, 1, 0, 0, 0, 0 
mutant943, 201, 1, 0, 0, 0, 0 
mutant944, 9009, 0, 0, 1, 0, 0 
mutant945, 9009, 0, 0, 1, 0, 0 
mutant946, 201, 1, 0, 0, 0, 0 
mutant947, 201, 1, 0, 0, 0, 0 
mutant948, 201, 1, 0, 0, 0, 0 
mutant949, 201, 1, 0, 0, 0, 0 
mutant950, 201, 1, 0, 0, 0, 0 
mutant951, 9009, 0, 0, 1, 0, 0 
mutant952, 201, 1, 0, 0, 0, 0 
mutant953, 201, 1, 0, 0, 0, 0 
mutant954, 9009, 0, 0, 1, 0, 0 
mutant955, 9009, 0, 0, 1, 0, 0 
mutant956, 9009, 0, 0, 1, 0, 0 
mutant957, 9009, 0, 0, 1, 0, 0 
mutant958, 9009, 0, 0, 1, 0, 0 
mutant959, 201, 1, 0, 0, 0, 0 
mutant960, 9009, 0, 0, 1, 0, 0 
mutant961, 201, 1, 0, 0, 0, 0 
mutant962, 9009, 0, 0, 1, 0, 0 
mutant963, 9009, 0, 0, 1, 0, 0 
mutant964, 9009, 0, 0, 1, 0, 0 
mutant965, 9009, 0, 0, 1, 0, 0 
mutant966, 201, 1, 0, 0, 0, 0 
mutant967, 9009, 0, 0, 1, 0, 0 
mutant968, 9009, 0, 0, 1, 0, 0 
mutant969, 9009, 0, 0, 1, 0, 0 
mutant970, 201, 1, 0, 0, 0, 0 
mutant971, 201, 1, 0, 0, 0, 0 
mutant972, 201, 1, 0, 0, 0, 0 
mutant973, 201, 1, 0, 0, 0, 0 
mutant974, 9009, 0, 0, 1, 0, 0 
mutant975, 201, 1, 0, 0, 0, 0 
mutant976, 201, 1, 0, 0, 0, 0 
mutant977, 9009, 0, 0, 1, 0, 0 
mutant978, 9009, 0, 0, 1, 0, 0 
mutant979, 201, 1, 0, 0, 0, 0 
mutant980, 9009, 0, 0, 1, 0, 0 
mutant981, 9009, 0, 0, 1, 0, 0 
mutant982, 201, 1, 0, 0, 0, 0 
mutant983, 201, 1, 0, 0, 0, 0 
mutant984, 201, 1, 0, 0, 0, 0 
mutant985, 201, 1, 0, 0, 0, 0 
mutant986, 9009, 0, 0, 1, 0, 0 
mutant987, 1, 0, 0, 0, 1, 0 
mutant988, 9009, 0, 0, 1, 0, 0 
mutant989, 9009, 0, 0, 1, 0, 0 
mutant990, 201, 1, 0, 0, 0, 0 
mutant991, 201, 1, 0, 0, 0, 0 
mutant992, 201, 1, 0, 0, 0, 0 
mutant993, 9009, 0, 0, 1, 0, 0 
mutant994, 201, 1, 0, 0, 0, 0 
mutant995, 9009, 0, 0, 1, 0, 0 
mutant996, 201, 1, 0, 0, 0, 0 
mutant997, 201, 1, 0, 0, 0, 0 
mutant998, 9009, 0, 0, 1, 0, 0 
mutant999, 9009, 0, 0, 1, 0, 0 
mutant1000, 9009, 0, 0, 1, 0, 0 
